INSERT INTO USUARIO(USUARIO, PASSWORD, EMAIL, FECHA_NACIMIENTO, NOMBRE, APELLIDO, EDAD, ROL) VALUES
    ('test','$2a$10$bhoNyi0sxaGQu.50zOiUL.SKpSPGHytwGruHhYYP2hSDZpkYHEIri', 'test@test.com', '2012-09-17', 'test','test', 21, 1),
    ('admin','$2a$10$bhoNyi0sxaGQu.50zOiUL.SKpSPGHytwGruHhYYP2hSDZpkYHEIri', 'admin@admin.com', '2012-09-17', 'admin','', 99, 0);

INSERT INTO PRODUCTO(ID, NOMBRE, DESCRIPCION, IMAGEN, PRECIO, STATUS) VALUES
    (1, 'Adidas JumpCrazy', 'Modo rana all day', 'jumpcrazy.jpg', 99.99, 1),
    (2, 'Vans Classics', 'Un clasicon', 'vansclassic.jpg', 99.99, 1),
    (3, 'DC Big Skater', 'Para ese fan que le encanta quemar zapas caras con la lija del board', 'dcbigskater.jpg', 299.99, 1);

INSERT INTO STOCK_PRODUCTO(PRODUCTO_ID, TALLE, CANTIDAD) VALUES
    (1, 40, 3), ---ADIDAS JUMPCRAZY
    (1, 42, 10), ---ADIDAS JUMPCRAZY
    (1, 37, 1), ---ADIDAS JUMPCRAZY
    (2, 30, 2), ---VANS CLASSICS
    (3, 46, 5); ---DC BIG SKATER

INSERT INTO GRUPO_CATEGORIA(ID, NOMBRE) VALUES (1, 'Marca');
INSERT INTO GRUPO_CATEGORIA(ID, NOMBRE) VALUES (2, 'Segmento');

INSERT INTO CATEGORIA(GRUPO_ID, ID, NOMBRE) VALUES (1, 1, 'Adidas');
INSERT INTO CATEGORIA(GRUPO_ID, ID, NOMBRE) VALUES (1, 2, 'Vans');
INSERT INTO CATEGORIA(GRUPO_ID, ID, NOMBRE) VALUES (1, 3, 'DC');
INSERT INTO CATEGORIA(GRUPO_ID, ID, NOMBRE) VALUES (2, 4, 'Hombre');
INSERT INTO CATEGORIA(GRUPO_ID, ID, NOMBRE) VALUES (2, 5, 'Mujer');
INSERT INTO CATEGORIA(GRUPO_ID, ID, NOMBRE) VALUES (2, 6, 'Niño');
INSERT INTO CATEGORIA(GRUPO_ID, ID, NOMBRE) VALUES (2, 7, 'Niña');

INSERT INTO PRODUCTO_CATEGORIA(PRODUCTO_ID, CATEGORIA_ID) VALUES (1, 1);
INSERT INTO PRODUCTO_CATEGORIA(PRODUCTO_ID, CATEGORIA_ID) VALUES (1, 4);
INSERT INTO PRODUCTO_CATEGORIA(PRODUCTO_ID, CATEGORIA_ID) VALUES (2, 2);
INSERT INTO PRODUCTO_CATEGORIA(PRODUCTO_ID, CATEGORIA_ID) VALUES (2, 4);
INSERT INTO PRODUCTO_CATEGORIA(PRODUCTO_ID, CATEGORIA_ID) VALUES (3, 3);
INSERT INTO PRODUCTO_CATEGORIA(PRODUCTO_ID, CATEGORIA_ID) VALUES (3, 5);
